Person ID, Person Name, Age, Address, Height, Weight
101,John,23,"34/sas, Google street,  Saint eti",5.4,32
102,Smith,21,"34/sas, Google street,  Saint eti",4.4,23
103,Mone,26,"44/sas, Google street,  Saint eti",5.4,43
104,Anne,27,"34/sas, Google street,  Saint eti",4.8,65
105,George,21,"34/sas, Google street,  Saint eti",5.2,32
106,Charter,18,"34/sas, Google street,  Saint eti",5.4,65
107,Dawin,26,"34/sas, Google street,  Saint eti",5.4,45
108,Maxy,28,"34/sas, Google street,  Saint eti",4.4,76
109,Will,36,"34/sas, Google street,  Saint eti",5.4,57
110,Haldy,41,"34/sas, Google street,  Saint eti",4.8,43
111,Wanny,20,"34/sas, Google street,  Saint eti",5.1,87
